@SammieLynnsMom	O
@tg10781	O
they	O
will	O
be	O
all	O
done	O
by	O
Sunday	O
trust	O
me	O
*wink*	O
Made	O
it	O
back	O
home	O
to	O
GA	B-geo-loc
.	O
It	O
sucks	O
not	O
to	O
be	O
at	O
Disney	B-facility
world	I-facility
,	O
but	O
its	O
good	O
to	O
be	O
home	O
.	O
Time	O
to	O
start	O
planning	O
the	O
next	O
Disney	B-facility
World	I-facility
trip	O
.	O
'	O
Breaking	B-movie
Dawn	I-movie
'	O
Returns	O
to	O
Vancouver	B-geo-loc
on	O
January	O
11th	O
http://bit.ly/dbDMs8	O
@ls_n	O
perhaps	O
,	O
but	O
folks	O
may	O
find	O
something	O
in	O
the	O
gallery	O
that	O
is	O
helpful	O
in	O
their	O
day-to-day	O
work	O
as	O
well	O
.	O
Even	O
just	O
to	O
use	O
it	O
.	O
@Carr0t	O
aye	O
been	O
tonight	O
-	O
excellent	O
RT	O
@LilTwist	O
:	O
RT	O
this	O
if	O
you	O
want	O
me	O
to	O
go	O
back	O
live	O
on	O
Ustream	B-company
later	O
tonight	O
@Hollly_	O
16	O
b	O
17	O
in	O
feb	O
RT	O
@obsidianchao	O
:	O
OF	O
FUCKING	O
COURSE	O
.	O
I	O
GET	O
HOME	O
AND	O
MY	O
BROTHER	O
IS	O
ON	O
THE	O
MOTHER	O
FUCKING	O
XBOX	B-product
.	O
Worst	O
fucking	O
day	O
ever	O
.	O
I	O
haven't	O
driven	O
to	O
bc	B-geo-loc
in	O
years	O
,	O
and	O
I	O
am	O
just	O
stunned	O
by	O
how	O
beautiful	O
the	O
drive	O
is	O
.	O
@daraobriain	O
hmmm	O
.	O
Cant	O
wait	O
.	O
Comin	O
on	O
Thursday	O
.	O
First	O
time	O
to	O
the	B-facility
Apollo	I-facility
.	O
RT	O
@Hatshepsutely	O
:	O
@adamlambert	O
please	O
,	O
oh	O
please	O
wear	O
the	O
infamous	O
beach	O
hat	O
tonight	O
during	O
your	O
encore	O
(	O
in	O
lieu	O
of	O
a	O
rasta	O
wig)	O
.	O
&lt;	O
3333	O
When	O
I	O
said	O
good	O
night	O
,	O
I	O
ended	O
up	O
watching	O
movies	O
on	O
my	O
laptop	O
.	O
Yep	O
.	O
No	O
sleep	O
again	O
.	O
Time	O
to	O
take	O
a	O
bath	O
now	O
!	O
It	O
's	O
gonna	O
be	O
a	O
looong	O
day	O
.	O
'On	O
set	O
filming	O
Chris	B-person
"	O
Rainy	B-other
Days	I-other
"	O
video	O
.	O
This	O
is	O
the	O
final	O
scene	O
then	O
we	O
can	O
finally	O
edit	O
it	O
.'	O
@EimearJedward	O
auditioning	O
on	O
sunday	O
:)	O
xo	O
@SheSo_Major	O
they	O
giving	O
the	O
nigga	O
a	O
realllllll	O
hard	O
time	O
about	O
it	O
lmfaoo	O
as	O
they	O
should	O
and	O
now	O
his	O
feelings	O
are	O
hurt	O
...	O
i	O
like	O
him	O
tho	O
LMAO	O
The	B-sportsteam
Wolves	I-sportsteam
to	O
host	O
the	B-sportsteam
Lions	I-sportsteam
for	O
game	O
time	O
!	O
Follow	O
us	O
for	O
scores	O
and	O
updates	O
throughout	O
the	O
game	O
!	O
Man	O
gets	O
20	O
years	O
in	O
murder	O
plot	O
against	O
judge	O
http://bit.ly/agB9iL	O
...	O
around	O
all	O
day	O
isnt	O
good	O
for	O
you	O
,	O
least	O
i	O
get	O
home-relaxing	O
time	O
,	O
thursday	O
and	O
frees	O
to	O
keeep	O
me	O
sane	O
:)	O
Today	O
is	O
the	O
COMPLETE	O
OPPOSITE	O
of	O
yesterday	O
-	O
.	O
-	O
#SIUC	O
Whats	O
the	O
Plan	O
For	O
tonight	O
??	O
Whos	O
Goin	O
to	O
the	B-facility
BLAST	I-facility
Just	O
changed	O
my	O
twitter	B-company
background	O
,	O
check	O
it	O
out	O
!	O
Found	O
it	O
at	O
http://twitrounds.com	O
..	O
September	O
17	O
,	O
2010	O
,	O
2:52	O
pm	O
time	O
to	O
get	O
some	O
sleep	O
.	O
been	O
out	O
from	O
4pm	O
till	O
now	O
.	O
'Come	O
to	O
"	O
MRB	B-other
@	I-other
61	I-other
Roadhouse	I-other
BBQ	I-other
"	O
Sunday	O
,	O
October	O
10	O
from	O
12:00	O
pm	O
to	O
4:00	O
pm	O
.	O
We	O
are	O
playing	O
for	O
the	O
61	O
Roadhouse	O
...	O
http://fb.me/G1FbJGw1'	O
RT	O
@OMBieberJokes	O
:	O
Little	O
Girl	O
:	O
Santa	B-person
Is	O
So	O
Awesome	O
!	O
Me	O
:	O
No	O
Little	O
Girl	O
...	O
You	O
Only	O
Use	O
The	O
Word	O
"	O
Awesome	O
"	O
When	O
You	O
Are	O
Referring	O
To	O
Just	O
...	O
Today	O
=	O
Morton	B-product
's	I-product
Salt	I-product
motto	O
+	O
Murphy	B-other
's	I-other
Law	I-other
@FLAM3Z130	O
half	O
the	O
time	O
in	O
inglewood	B-geo-loc
the	O
other	O
half	O
in	O
mv	B-geo-loc
...	O
where	O
u	O
been	O
RT	O
@shan7792	O
:	O
its	O
annoying	O
tht	O
ppl	O
ask	O
me	O
what	O
race	O
i	O
am	O
before	O
they	O
ask	O
me	O
my	O
name	O
-_-	O
My	O